{"count":1,"self":85.1361344,"total":167.6021441,"children":{"InitializeActuators":{"count":1,"self":0.00050179999999999995,"total":0.00050179999999999995,"children":null},"InitializeSensors":{"count":1,"self":0.00299,"total":0.00299,"children":null},"AgentSendState":{"count":87901,"self":0.0931302,"total":18.0187946,"children":{"GridSensor.Update":{"count":17581,"self":15.686731199999999,"total":15.6867317,"children":null},"CollectObservations":{"count":17581,"self":0.056472999999999995,"total":0.056472999999999995,"children":null},"WriteActionMask":{"count":17581,"self":0.0024952,"total":0.0024952,"children":null},"RequestDecision":{"count":17581,"self":0.0395536,"total":2.1799645,"children":{"AgentInfo.ToProto":{"count":17581,"self":0.0274821,"total":2.1404109,"children":{"GenerateSensorData":{"count":17581,"self":0.17642429999999998,"total":2.1129287999999997,"children":{"GridSensor.GetCompressedObservation":{"count":17581,"self":1.9365044,"total":1.9365044999999999,"children":null}}}}}}}}},"DecideAction":{"count":87901,"self":64.2901952,"total":64.2901968,"children":null},"AgentAct":{"count":87901,"self":0.15352349999999998,"total":0.15352349999999998,"children":null}},"gauges":{},"metadata":{"timer_format_version":"0.1.0","start_time_seconds":"1678756811","unity_version":"2021.3.16f1","command_line_arguments":"D:\\2021.3.16f1\\Editor\\Unity.exe -projectpath D:\\Project\\MAPA -useHub -hubIPC -cloudEnvironment production","communication_protocol_version":"1.5.0","com.unity.ml-agents_version":"2.3.0-exp.3","scene_name":"MAPA_city","end_time_seconds":"1678756978"}}