{
    "name": "root",
    "metadata": {
        "timer_format_version": "0.1.0",
        "start_time_seconds": "1684959926",
        "python_version": "3.9.0 (default, Nov 15 2020, 14:28:56) \n[GCC 7.3.0]",
        "command_line_arguments": "/home/kds/anaconda3/envs/mapa/bin/mlagents-learn config/sac/Crawler.yaml --env Build/Crawler/Crawler.x86_64 --run-id CS_0 --no-graphics --base-port 5006 --resume",
        "mlagents_version": "0.30.0",
        "mlagents_envs_version": "0.30.0",
        "communication_protocol_version": "1.5.0",
        "pytorch_version": "1.11.0+cu115",
        "numpy_version": "1.21.2",
        "end_time_seconds": "1684959982"
    },
    "total": 56.1194284420053,
    "count": 1,
    "self": 0.14976909500546753,
    "children": {
        "run_training.setup": {
            "total": 0.011925600003451109,
            "count": 1,
            "self": 0.011925600003451109
        },
        "TrainerController.start_learning": {
            "total": 55.95773374699638,
            "count": 1,
            "self": 0.07944524800404906,
            "children": {
                "TrainerController._reset_env": {
                    "total": 3.5524004510079976,
                    "count": 1,
                    "self": 3.5524004510079976
                },
                "TrainerController.advance": {
                    "total": 52.10067447001347,
                    "count": 5300,
                    "self": 0.07623530976707116,
                    "children": {
                        "env_step": {
                            "total": 40.61689839861356,
                            "count": 5300,
                            "self": 34.618529412779026,
                            "children": {
                                "SubprocessEnvManager._take_step": {
                                    "total": 5.94661188669852,
                                    "count": 5300,
                                    "self": 0.26152270098100416,
                                    "children": {
                                        "TorchPolicy.evaluate": {
                                            "total": 5.685089185717516,
                                            "count": 5300,
                                            "self": 5.685089185717516
                                        }
                                    }
                                },
                                "workers": {
                                    "total": 0.051757099136011675,
                                    "count": 5299,
                                    "self": 0.0,
                                    "children": {
                                        "worker_root": {
                                            "total": 55.459346583578736,
                                            "count": 5299,
                                            "is_parallel": true,
                                            "self": 27.044729724002536,
                                            "children": {
                                                "run_training.setup": {
                                                    "total": 0.0,
                                                    "count": 0,
                                                    "is_parallel": true,
                                                    "self": 0.0,
                                                    "children": {
                                                        "steps_from_proto": {
                                                            "total": 0.001553243986563757,
                                                            "count": 1,
                                                            "is_parallel": true,
                                                            "self": 0.00042685799417085946,
                                                            "children": {
                                                                "_process_rank_one_or_two_observation": {
                                                                    "total": 0.0011263859923928976,
                                                                    "count": 4,
                                                                    "is_parallel": true,
                                                                    "self": 0.0011263859923928976
                                                                }
                                                            }
                                                        },
                                                        "UnityEnvironment.step": {
                                                            "total": 0.030716843000845984,
                                                            "count": 1,
                                                            "is_parallel": true,
                                                            "self": 0.00025956801255233586,
                                                            "children": {
                                                                "UnityEnvironment._generate_step_input": {
                                                                    "total": 0.00028989199199713767,
                                                                    "count": 1,
                                                                    "is_parallel": true,
                                                                    "self": 0.00028989199199713767
                                                                },
                                                                "communicator.exchange": {
                                                                    "total": 0.029404286993667483,
                                                                    "count": 1,
                                                                    "is_parallel": true,
                                                                    "self": 0.029404286993667483
                                                                },
                                                                "steps_from_proto": {
                                                                    "total": 0.0007630960026290268,
                                                                    "count": 1,
                                                                    "is_parallel": true,
                                                                    "self": 0.0003152479766868055,
                                                                    "children": {
                                                                        "_process_rank_one_or_two_observation": {
                                                                            "total": 0.0004478480259422213,
                                                                            "count": 4,
                                                                            "is_parallel": true,
                                                                            "self": 0.0004478480259422213
                                                                        }
                                                                    }
                                                                }
                                                            }
                                                        }
                                                    }
                                                },
                                                "UnityEnvironment.step": {
                                                    "total": 28.4146168595762,
                                                    "count": 5298,
                                                    "is_parallel": true,