{
    "name": "root",
    "gauges": {
        "Taxi.Policy.Entropy.mean": {
            "value": 2.112581729888916,
            "min": 2.112072229385376,
            "max": 2.112581729888916,
            "count": 2
        },
        "Taxi.Policy.Entropy.sum": {
            "value": 21024.4140625,
            "min": 21024.4140625,
            "max": 21222.1015625,
            "count": 2
        },
        "Taxi.Step.mean": {
            "value": 19968.0,
            "min": 9984.0,
            "max": 19968.0,
            "count": 2
        },
        "Taxi.Step.sum": {
            "value": 19968.0,
            "min": 9984.0,
            "max": 19968.0,
            "count": 2
        },
        "Taxi.Policy.ExtrinsicValueEstimate.mean": {
            "value": 0.18209965527057648,
            "min": 0.18209965527057648,
            "max": 0.23691050708293915,
            "count": 2
        },
        "Taxi.Policy.ExtrinsicValueEstimate.sum": {
            "value": 28.407546997070312,
            "min": 28.407546997070312,
            "max": 36.958038330078125,
            "count": 2
        },
        "Taxi.TotalScore.mean": {
            "value": 0.0,
            "min": 0.0,
            "max": 0.0,
            "count": 2
        },
        "Taxi.TotalScore.sum": {
            "value": 0.0,
            "min": 0.0,
            "max": 0.0,
            "count": 2
        },
        "Taxi.IsTraining.mean": {
            "value": 1.0,
            "min": 1.0,
            "max": 1.0,
            "count": 2
        },
        "Taxi.IsTraining.sum": {
            "value": 1.0,
            "min": 1.0,
            "max": 1.0,
            "count": 2
        },
        "Taxi.Losses.PolicyLoss.mean": {
            "value": 0.02097059953957796,
            "min": 0.02097059953957796,
            "max": 0.02097059953957796,
            "count": 1
        },
        "Taxi.Losses.PolicyLoss.sum": {
            "value": 0.02097059953957796,
            "min": 0.02097059953957796,
            "max": 0.02097059953957796,
            "count": 1
        },
        "Taxi.Losses.ValueLoss.mean": {
            "value": 0.012954820446126784,
            "min": 0.012954820446126784,
            "max": 0.012954820446126784,
            "count": 1
        },
        "Taxi.Losses.ValueLoss.sum": {
            "value": 0.012954820446126784,
            "min": 0.012954820446126784,
            "max": 0.012954820446126784,
            "count": 1
        },
        "Taxi.Policy.LearningRate.mean": {
            "value": 0.00029969088010304,
            "min": 0.00029969088010304,
            "max": 0.00029969088010304,
            "count": 1
        },
        "Taxi.Policy.LearningRate.sum": {
            "value": 0.00029969088010304,
            "min": 0.00029969088010304,
            "max": 0.00029969088010304,
            "count": 1
        },
        "Taxi.Policy.Epsilon.mean": {
            "value": 0.19989696000000007,
            "min": 0.19989696000000007,
            "max": 0.19989696000000007,
            "count": 1
        },
        "Taxi.Policy.Epsilon.sum": {
            "value": 0.19989696000000007,
            "min": 0.19989696000000007,
            "max": 0.19989696000000007,
            "count": 1
        },
        "Taxi.Policy.Beta.mean": {
            "value": 0.004994858304000001,
            "min": 0.004994858304000001,
            "max": 0.004994858304000001,
            "count": 1
        },
        "Taxi.Policy.Beta.sum": {
            "value": 0.004994858304000001,
            "min": 0.004994858304000001,
            "max": 0.004994858304000001,
            "count": 1
        },
        "Taxi.Environment.EpisodeLength.mean": {
            "value": 19999.0,
            "min": 19999.0,
            "max": 19999.0,
            "count": 1
        },
        "Taxi.Environment.EpisodeLength.sum": {
            "value": 19999.0,
            "min": 19999.0,
            "max": 19999.0,
            "count": 1
        }
    },
    "metadata": {
        "timer_format_version": "0.1.0",
        "start_time_seconds": "1678756434",
        "python_version": "3.7.0 (default, Jun 28 2018, 08:04:48) [MSC v.1912 64 bit (AMD64)]",
        "command_line_arguments": "C:\\Users\\angledsugar\\anaconda3\\envs\\mapa\\Scripts\\mlagents-learn config\\ppo\\Taxi.yaml --force",
        "mlagents_version": "0.28.0",
        "mlagents_envs_version": "0.28.0",
        "communication_protocol_version": "1.5.0",
        "pytorch_version": "1.13.1+cu116",
        "numpy_version": "1.21.6",
        "end_time_seconds": "1678756630"
    },
    "total": 195.4567658,
    "count": 1,
    "self": 0.0022226000000102886,
    "children": {
        "run_training.setup": {
            "total": 0.04268740000000004,
            "count": 1,
            "self": 0.04268740000000004
        },
        "TrainerController.start_learning": {
            "total": 195.41185579999998,
            "count": 1,
            "self": 0.2524304999989795,
            "children": {
                "TrainerController._reset_env": {
                    "total": 4.0522688,
                    "count": 1,
                    "self": 4.0522688
                },
                "TrainerController.advance": {
                    "total": 191.04134250000098,
                    "count": 29817,
                    "self": 0.22530830000189894,
                    "children": {
                        "env_step": {
                            "total": 184.79788159999885,
                            "count": 29817,
                            "self": 116.81313269999985,
                            "children": {
                                "SubprocessEnvManager._take_step": {
                                    "total": 67.77184659999851,
                                    "count": 29817,
                                    "self": 0.7489672999993076,
                                    "children": {
                                        "TorchPolicy.evaluate": {
                                            "total": 67.0228792999992,
                                            "count": 29817,
                                            "self": 28.803122399999772,
                                            "children": {
                                                "TorchPolicy.sample_actions": {
                                                    "total": 38.21975689999943,
                                                    "count": 29817,
                                                    "self": 38.21975689999943
                                                }
                                            }
                                        }
                                    }
                                },
                                "workers": {
                                    "total": 0.2129023000004837,
                                    "count": 29816,
                                    "self": 0.0,
                                    "children": {
                                        "worker_root": {
                                            "total": 178.15815709999728,
                                            "count": 29816,
                                            "is_parallel": true,
                                            "self": 86.41870969999547,
                                            "children": {
                                                "steps_from_proto": {
                                                    "total": 0.007217000000000251,
                                                    "count": 1,
                                                    "is_parallel": true,
                                                    "self": 0.00010209999999988284,